Country Name,Country Code,Region,IncomeGroup,Series Name,Series Code,2010 [YR2010],2011 [YR2011],2012 [YR2012],2013 [YR2013],2014 [YR2014],2015 [YR2015],2016 [YR2016],2017 [YR2017],2018 [YR2018],2019 [YR2019],2020 [YR2020],2021 [YR2021],2022 [YR2022],2023 [YR2023],2024 [YR2024]
World,WLD,0,0,Current health expenditure per capita (current US$),SH.XPD.CHEX.PC.CD,900.1769017,974.1274671,982.0741499,992.234653,1014.944203,973.1539973,990.8286891,1027.118651,1066.64776,1084.163977,1158.07093,1245.909858,1235.603151,..,..
Afghanistan,AFG,"Middle East, North Africa, Afghanistan & Pakistan",Low income,Current health expenditure per capita (current US$),SH.XPD.CHEX.PC.CD,46.42438889,52.18721771,52.45247269,56.16043472,60.04951096,59.91960526,61.37234497,66.82388306,71.22509003,74.0642395,80.0892334,81.52112579,80.6516037,..,..
Africa Eastern and Southern,AFE,0,0,Current health expenditure per capita (current US$),SH.XPD.CHEX.PC.CD,104.119647,112.2783817,109.0685562,104.7767173,98.49932875,90.80057087,85.89921738,90.01315049,90.07565325,87.29824614,81.55189502,92.38657488,92.58152097,..,..
Africa Western and Central,AFW,0,0,Current health expenditure per capita (current US$),SH.XPD.CHEX.PC.CD,59.63198718,65.36715007,67.9295613,75.42266559,78.72483058,70.66991392,61.44808881,58.22151491,56.12426456,59.06952771,64.40742275,72.24109467,74.42135122,..,..
Albania,ALB,Europe & Central Asia,Upper middle income,Current health expenditure per capita (current US$),SH.XPD.CHEX.PC.CD,253.9824677,273.7529297,260.683197,276.0765686,293.1267395,253.9334717,275.4367676,295.523468,349.2112732,366.3401489,396.1747742,465.5704346,414.3502502,..,..
Algeria,DZA,"Middle East, North Africa, Afghanistan & Pakistan",Upper middle income,Current health expenditure per capita (current US$),SH.XPD.CHEX.PC.CD,227.9539642,285.5020752,340.0913391,337.5736084,366.5867004,296.7682495,265.5343933,270.9326172,271.5377808,242.0700226,211.0727692,208.526825,179.6968842,..,..
American Samoa,ASM,East Asia & Pacific,High income,Current health expenditure per capita (current US$),SH.XPD.CHEX.PC.CD,..,..,..,..,..,..,..,..,..,..,..,..,..,..,..
Andorra,AND,Europe & Central Asia,High income,Current health expenditure per capita (current US$),SH.XPD.CHEX.PC.CD,3277.785156,3550.908203,2785.188965,2887.025879,3001.196045,2672.264648,2769.152832,2876.178711,3158.136475,3021.432617,3282.817383,3535.989746,3192.315674,3654.074707,..
Angola,AGO,Sub-Saharan Africa,Lower middle income,Current health expenditure per capita (current US$),SH.XPD.CHEX.PC.CD,96.95197296,122.1188812,121.8484802,142.7845001,130.5861969,107.5285721,94.01481628,112.7536469,84.03104401,64.61397552,55.93916321,67.04656982,101.2561417,..,..
Antigua and Barbuda,ATG,Latin America & Caribbean,High income,Current health expenditure per capita (current US$),SH.XPD.CHEX.PC.CD,724.0888062,717.2818604,753.5018311,739.1049194,826.7559815,789.3097534,817.888916,791.12323,856.3712769,808.1499634,883.5001831,843.4654541,1084.883301,..,..
Arab World,ARB,0,0,Current health expenditure per capita (current US$),SH.XPD.CHEX.PC.CD,234.4211371,266.617777,294.8602628,303.4395774,325.2969695,310.1976615,309.7398066,304.305537,320.7383351,323.3266475,325.6361724,334.396706,329.9536833,..,..
Argentina,ARG,Latin America & Caribbean,Upper middle income,Current health expenditure per capita (current US$),SH.XPD.CHEX.PC.CD,975.6599121,1196.514648,1355.228516,1408.756348,1274.661255,1517.337891,1251.656128,1486.928711,1209.535767,1011.080139,891.9962158,1080.88208,1370.884644,..,..
Armenia,ARM,Europe & Central Asia,Upper middle income,Current health expenditure per capita (current US$),SH.XPD.CHEX.PC.CD,291.7775879,325.290863,331.9137878,392.8525391,404.3387451,365.5195007,359.5822754,409.8014526,428.3457031,533.6995239,535.2723999,595.8354492,674.7861939,..,..
Aruba,ABW,Latin America & Caribbean,High income,Current health expenditure per capita (current US$),SH.XPD.CHEX.PC.CD,..,..,..,..,..,..,..,..,..,..,..,..,..,..,..
Australia,AUS,East Asia & Pacific,High income,Current health expenditure per capita (current US$),SH.XPD.CHEX.PC.CD,4947.963379,5876.885254,6038.871582,5811.868652,6098.254395,5294.572266,5423.82666,5780.537109,5830.101563,5529.194824,5952.890625,7039.577637,6730.995117,..,..
Austria,AUT,Europe & Central Asia,High income,Current health expenditure per capita (current US$),SH.XPD.CHEX.PC.CD,4800.793457,5167.817871,4966.095703,5235.341309,5393.602051,4612.82373,4709.875977,4938.92041,5337.218262,5263.390625,5531.023438,6520.490723,5851.962402,6208.644531,..
Azerbaijan,AZE,Europe & Central Asia,Upper middle income,Current health expenditure per capita (current US$),SH.XPD.CHEX.PC.CD,153.0665741,184.9349365,234.603241,251.6786346,280.2231445,236.2597961,169.6959686,167.0156555,180.0361023,199.2574616,245.2194977,250.9887085,304.2016296,..,..
"Bahamas, The",BHS,Latin America & Caribbean,High income,Current health expenditure per capita (current US$),SH.XPD.CHEX.PC.CD,1444.006592,1442.247681,1518.649536,1559.349365,1619.432129,1588.582886,1729.714355,2118.648926,1941.957642,1941.607422,1871.104736,2037.53186,2341.323486,..,..
Bahrain,BHR,"Middle East, North Africa, Afghanistan & Pakistan",High income,Current health expenditure per capita (current US$),SH.XPD.CHEX.PC.CD,866.6722412,921.7206421,1038.166138,1115.169067,1122.1604,1128.24292,1095.925415,1080.088989,1041.856079,1030.263794,1101.792114,1175.281982,1110.675903,..,..
Bangladesh,BGD,South Asia,Lower middle income,Current health expenditure per capita (current US$),SH.XPD.CHEX.PC.CD,20.62105751,22.77348328,23.43771553,26.96918297,29.91152382,33.20998764,39.30647659,42.17510986,44.78892899,47.84217072,51.00624084,58.53958511,61.09237671,..,..
Barbados,BRB,Latin America & Caribbean,High income,Current health expenditure per capita (current US$),SH.XPD.CHEX.PC.CD,1114.372925,1163.266846,1294.786743,1246.164917,1175.443481,1154.627197,1181.142578,1182.003662,1169.355591,1168.119385,1234.300415,1391.498535,1302.059204,..,..
Belarus,BLR,Europe & Central Asia,Upper middle income,Current health expenditure per capita (current US$),SH.XPD.CHEX.PC.CD,341.1380005,317.8249207,364.0995789,454.5195923,448.2742615,360.9193726,296.9472046,331.9408264,349.9917603,400.1162109,420.436554,484.0393066,529.0187378,..,..
Belgium,BEL,Europe & Central Asia,High income,Current health expenditure per capita (current US$),SH.XPD.CHEX.PC.CD,4530.058105,4929.19873,4704.675781,4953.981934,5079.825195,4442.130371,4542.661621,4783.806641,5176.85498,5033.166016,5144.981445,5743.621094,5404.624023,..,..
Belize,BLZ,Latin America & Caribbean,Upper middle income,Current health expenditure per capita (current US$),SH.XPD.CHEX.PC.CD,244.0286713,252.7346191,247.8272858,262.8865051,298.2259827,287.531189,293.8230286,281.3984985,287.4936829,299.6982422,280.5263062,310.2124939,297.4163208,..,..
Benin,BEN,Sub-Saharan Africa,Lower middle income,Current health expenditure per capita (current US$),SH.XPD.CHEX.PC.CD,29.29358101,31.75146866,32.95616913,33.53426743,32.41182327,27.34733391,28.24943924,28.14816666,33.21631241,28.372015,32.55360031,34.03829193,33.88216782,..,..
Bermuda,BMU,North America,High income,Current health expenditure per capita (current US$),SH.XPD.CHEX.PC.CD,..,..,..,..,..,..,..,..,..,..,..,..,..,..,..
Bhutan,BTN,South Asia,Lower middle income,Current health expenditure per capita (current US$),SH.XPD.CHEX.PC.CD,72.38789368,77.75431824,84.0940094,86.41462708,87.19132233,96.86671448,97.42939758,103.6358337,102.0122299,115.7181168,134.1372376,103.6751938,154.4892426,..,..
Bolivia,BOL,Latin America & Caribbean,Lower middle income,Current health expenditure per capita (current US$),SH.XPD.CHEX.PC.CD,100.3935623,119.7837906,135.3206024,159.9938049,179.3274231,196.2579956,207.4511261,214.5857239,231.1880646,241.3461914,248.6951447,276.2088013,307.1380005,..,..
Bosnia and Herzegovina,BIH,Europe & Central Asia,Upper middle income,Current health expenditure per capita (current US$),SH.XPD.CHEX.PC.CD,406.1304627,456.9690552,444.936554,475.0740967,493.0733337,430.834137,450.4415588,471.3264771,529.8554688,546.4508667,594.8225708,697.0742798,667.296814,..,..
Botswana,BWA,Sub-Saharan Africa,Upper middle income,Current health expenditure per capita (current US$),SH.XPD.CHEX.PC.CD,389.5517883,427.7070923,418.8224487,433.2915039,418.8245239,374.7905884,389.3107605,471.0505676,447.4473877,438.2854614,386.2886047,492.1426086,477.8325806,..,..
Brazil,BRA,Latin America & Caribbean,Upper middle income,Current health expenditure per capita (current US$),SH.XPD.CHEX.PC.CD,906.0098877,1043.354858,968.7277832,993.7960815,1030.66272,796.1525269,810.2003784,954.7501221,880.2843018,868.1724854,680.7684326,768.270752,848.571228,..,..
British Virgin Islands,VGB,Latin America & Caribbean,High income,Current health expenditure per capita (current US$),SH.XPD.CHEX.PC.CD,..,..,..,..,..,..,..,..,..,..,..,..,..,..,..
Brunei Darussalam,BRN,East Asia & Pacific,High income,Current health expenditure per capita (current US$),SH.XPD.CHEX.PC.CD,795.9776611,864.6378784,869.3655396,835.3245239,785.4121094,731.0498047,679.4692993,636.2297363,747.7253418,677.826294,657.9037476,665.5408325,665.8677368,..,..
Bulgaria,BGR,Europe & Central Asia,High income,Current health expenditure per capita (current US$),SH.XPD.CHEX.PC.CD,484.7522888,555.8641968,558.6479492,547.454834,605.2589111,521.4190674,562.3408203,624.5549927,689.9053955,697.8961792,856.7044067,1047.457397,1011.094727,..,..
Burkina Faso,BFA,Sub-Saharan Africa,Low income,Current health expenditure per capita (current US$),SH.XPD.CHEX.PC.CD,32.74515533,33.70409393,33.66717529,42.26796341,38.24516678,32.3375206,39.52329254,42.94480133,38.91588593,41.05052185,54.28778839,57.22399521,56.75708389,..,..
Burundi,BDI,Sub-Saharan Africa,Low income,Current health expenditure per capita (current US$),SH.XPD.CHEX.PC.CD,24.45114708,23.16802216,20.01195908,20.26322556,18.06601143,17.67567825,18.59472847,19.16801643,18.67819214,22.24477386,26.21934319,23.21740532,24.68718529,..,..
Cabo Verde,CPV,Sub-Saharan Africa,Upper middle income,Current health expenditure per capita (current US$),SH.XPD.CHEX.PC.CD,146.0806427,157.069809,174.6606293,191.1048584,193.3948212,150.2882385,157.3990631,184.7557526,204.4539795,195.7632752,235.4349823,282.9305725,285.9694519,..,..
Cambodia,KHM,East Asia & Pacific,Lower middle income,Current health expenditure per capita (current US$),SH.XPD.CHEX.PC.CD,53.58575439,65.3871994,68.28430939,71.30926514,72.69956207,71.56456757,75.22520447,77.97311401,91.59080505,112.5851059,110.0111847,119.6354599,109.5297546,..,..
Cameroon,CMR,Sub-Saharan Africa,Lower middle income,Current health expenditure per capita (current US$),SH.XPD.CHEX.PC.CD,50.03335571,58.33031845,56.96441269,57.22771454,71.61038208,58.38298035,57.99372482,56.7457695,58.32909393,56.79493713,66.17185211,72.56921387,71.97737885,..,..
Canada,CAN,North America,High income,Current health expenditure per capita (current US$),SH.XPD.CHEX.PC.CD,5062.48291,5401.615234,5520.62207,5462.156738,5212.008789,4660.79834,4649.121094,4899.253906,5062.384766,5103.841309,5649.169434,6483.376953,6255.027832,6112.019531,..
Caribbean small states,CSS,0,0,Current health expenditure per capita (current US$),SH.XPD.CHEX.PC.CD,627.8011766,650.7630165,680.8559528,712.4995987,730.0867622,752.6892283,748.6045097,792.6380161,797.0213943,826.6310634,801.0963909,862.759954,944.5116799,..,..
Cayman Islands,CYM,Latin America & Caribbean,High income,Current health expenditure per capita (current US$),SH.XPD.CHEX.PC.CD,..,..,..,..,..,..,..,..,..,..,..,..,..,..,..
Central African Republic,CAF,Sub-Saharan Africa,Low income,Current health expenditure per capita (current US$),SH.XPD.CHEX.PC.CD,17.01008034,19.62990761,21.33021736,17.36794472,18.7120266,18.44194221,21.07796097,28.81619644,51.3541069,35.76098633,42.634758,46.24643707,47.91517639,..,..
Central Europe and the Baltics,CEB,0,0,Current health expenditure per capita (current US$),SH.XPD.CHEX.PC.CD,869.1535682,920.61084,863.5898723,910.7166948,931.6109927,815.6681331,852.4626156,938.6871484,1054.546367,1091.759647,1182.574914,1406.440984,1361.148875,..,..
Chad,TCD,Sub-Saharan Africa,Low income,Current health expenditure per capita (current US$),SH.XPD.CHEX.PC.CD,35.26005936,37.35868073,36.20247269,38.59413528,42.16276169,33.82092285,31.96038055,29.9935894,31.2043705,30.23999405,37.73088074,37.59156799,40.17007446,..,..
Channel Islands,CHI,Europe & Central Asia,High income,Current health expenditure per capita (current US$),SH.XPD.CHEX.PC.CD,..,..,..,..,..,..,..,..,..,..,..,..,..,..,..
Chile,CHL,Latin America & Caribbean,High income,Current health expenditure per capita (current US$),SH.XPD.CHEX.PC.CD,861.7243652,984.4486084,1070.512939,1171.770386,1138.661133,1122.133789,1167.893066,1353.692749,1430.702637,1348.994019,1270.978149,1576.692871,1547.289673,1714.8927,..
China,CHN,East Asia & Pacific,Upper middle income,Current health expenditure per capita (current US$),SH.XPD.CHEX.PC.CD,188.8715668,239.1982422,284.6976013,329.0857239,362.2869568,393.0976868,398.1748962,439.9400635,504.1098023,538.9915772,582.9509277,670.2589722,672.4515991,..,..
Colombia,COL,Latin America & Caribbean,Upper middle income,Current health expenditure per capita (current US$),SH.XPD.CHEX.PC.CD,452.4428101,501.8442078,547.0073242,580.9645386,588.2944946,470.099823,448.8458862,497.5401611,519.8220215,503.5348511,464.9777832,561.116272,505.5080566,534.4371338,..
Comoros,COM,Sub-Saharan Africa,Lower middle income,Current health expenditure per capita (current US$),SH.XPD.CHEX.PC.CD,69.21523285,81.19863892,77.10220337,81.81765747,84.63935852,61.16300201,63.53099442,75.01337433,74.89152527,78.23674774,89.67817688,100.0421066,122.9358444,..,..
"Congo, Dem. Rep.",COD,Sub-Saharan Africa,Low income,Current health expenditure per capita (current US$),SH.XPD.CHEX.PC.CD,12.1423111,11.89942932,13.20595551,15.37901688,18.22281265,18.57252884,19.3114109,18.14648819,17.29077148,19.20812035,20.5593071,21.58848572,24.38615036,..,..
"Congo, Rep.",COG,Sub-Saharan Africa,Lower middle income,Current health expenditure per capita (current US$),SH.XPD.CHEX.PC.CD,54.56225586,59.51348114,71.2766571,71.85824585,71.03118896,57.30290604,54.3000145,52.29982376,47.310215,58.42106628,80.09735107,79.3296051,50.60568619,..,..
Costa Rica,CRI,Latin America & Caribbean,High income,Current health expenditure per capita (current US$),SH.XPD.CHEX.PC.CD,663.6916504,753.4263306,788.5310059,829.9365845,836.2312012,889.3762207,884.7302856,867.767334,917.3101807,930.4351196,969.8909912,977.1483154,978.8415527,..,..
Cote d'Ivoire,CIV,Sub-Saharan Africa,Lower middle income,Current health expenditure per capita (current US$),SH.XPD.CHEX.PC.CD,70.04605103,67.97618103,69.86203003,67.13149261,74.3581543,58.43181992,61.85705566,63.77943039,65.87952423,68.30471039,78.97766876,92.39588928,86.15213013,..,..
Croatia,HRV,Europe & Central Asia,High income,Current health expenditure per capita (current US$),SH.XPD.CHEX.PC.CD,1126.373657,1132.498901,1029.971191,889.9445801,909.3716431,795.5083618,840.9012451,902.6251831,1024.624146,1040.085693,1094.532837,1384.119141,1344.190063,..,..
Cuba,CUB,Latin America & Caribbean,Upper middle income,Current health expenditure per capita (current US$),SH.XPD.CHEX.PC.CD,608.5847168,695.8154297,601.7495728,712.2662964,867.6970215,991.0849609,990.9234619,987.8103027,981.902832,1023.397156,1199.353271,..,..,..,..
Curacao,CUW,Latin America & Caribbean,High income,Current health expenditure per capita (current US$),SH.XPD.CHEX.PC.CD,..,..,..,..,..,..,..,..,..,..,..,..,..,..,..
Cyprus,CYP,Europe & Central Asia,High income,Current health expenditure per capita (current US$),SH.XPD.CHEX.PC.CD,2045.292358,2114.668945,1899.372559,1916.322632,1873.891357,1596.2052,1649.412476,1773.411621,2020.733398,2093.061279,2483.060059,3118.242676,2864.156494,..,..
Czechia,CZE,Europe & Central Asia,High income,Current health expenditure per capita (current US$),SH.XPD.CHEX.PC.CD,1509.447266,1649.159058,1509.775269,1508.799072,1512.593262,1308.801392,1374.900513,1516.750122,1750.81189,1805.440308,2106.280273,2538.033447,2431.084961,2609.240723,..
Denmark,DNK,Europe & Central Asia,High income,Current health expenditure per capita (current US$),SH.XPD.CHEX.PC.CD,6171.285156,6438.212402,6168.339355,6334.415527,6466.897949,5531.878906,5624.328613,5834.020508,6232.72168,6058.830078,6530.475098,7465.772949,6456.083984,6432.371582,..
Djibouti,DJI,"Middle East, North Africa, Afghanistan & Pakistan",Lower middle income,Current health expenditure per capita (current US$),SH.XPD.CHEX.PC.CD,55.7044487,61.89852524,64.8536911,60.57233047,65.53726196,79.54257965,68.82740021,64.65093994,68.46080017,68.27401733,66.92816925,87.16930389,81.80969238,..,..
Dominica,DMA,Latin America & Caribbean,Upper middle income,Current health expenditure per capita (current US$),SH.XPD.CHEX.PC.CD,369.7566834,387.117096,407.4205322,382.1051941,389.0534363,396.2374268,424.1575623,415.8707275,503.3417969,465.6376648,457.0191956,521.8431397,574.4174805,..,..
Dominican Republic,DOM,Latin America & Caribbean,Upper middle income,Current health expenditure per capita (current US$),SH.XPD.CHEX.PC.CD,270.0396118,293.9512329,304.2375488,302.2851257,312.4422302,322.048645,328.3652649,336.9889526,327.3985901,346.1210938,353.7936401,416.6831055,462.2628784,..,..
Early-demographic dividend,EAR,0,0,Current health expenditure per capita (current US$),SH.XPD.CHEX.PC.CD,137.2904485,153.2050105,160.3731615,165.9693207,164.8882358,163.6836437,160.6892116,165.943173,160.3145296,159.6078673,162.0094668,185.0361707,187.7141536,..,..
East Asia & Pacific,EAS,0,0,Current health expenditure per capita (current US$),SH.XPD.CHEX.PC.CD,479.6304222,588.8747834,627.1955882,603.4899253,617.5427128,604.4182493,636.8210853,668.7594782,723.4446308,755.0488413,793.6283427,879.2376487,837.6228455,..,..
East Asia & Pacific (excluding high income),EAP,0,0,Current health expenditure per capita (current US$),SH.XPD.CHEX.PC.CD,160.376239,200.3010943,233.4987361,263.8620012,287.3999469,307.2812475,312.5786718,342.7519727,388.609816,414.6093096,446.4797023,514.7283462,510.485887,..,..
East Asia & Pacific (IDA & IBRD countries),TEA,0,0,Current health expenditure per capita (current US$),SH.XPD.CHEX.PC.CD,160.3874471,200.3115497,233.5110783,263.8750164,287.4129635,307.2957941,312.5944293,342.7686616,388.6264959,414.6266308,446.4969089,514.7474136,510.5080828,..,..
Ecuador,ECU,Latin America & Caribbean,Upper middle income,Current health expenditure per capita (current US$),SH.XPD.CHEX.PC.CD,287.0046692,340.4078674,387.5457764,414.1268311,433.418457,464.2218628,449.0386963,469.0454407,493.7319641,484.4719544,473.0195618,498.6079407,492.8357544,..,..
"Egypt, Arab Rep.",EGY,"Middle East, North Africa, Afghanistan & Pakistan",Lower middle income,Current health expenditure per capita (current US$),SH.XPD.CHEX.PC.CD,105.0781784,116.2294922,139.8162537,139.6724548,155.0648041,170.2553253,142.618454,106.0028839,118.0148163,142.6967011,148.3526917,176.9366455,170.9790955,..,..
El Salvador,SLV,Latin America & Caribbean,Upper middle income,Current health expenditure per capita (current US$),SH.XPD.CHEX.PC.CD,270.6941834,295.6424255,301.0371094,324.2802734,315.2316895,331.9672546,339.9787598,338.6074219,348.1881714,380.533844,357.7879944,470.1402588,501.2441101,..,..
Equatorial Guinea,GNQ,Sub-Saharan Africa,Upper middle income,Current health expenditure per capita (current US$),SH.XPD.CHEX.PC.CD,222.4515381,245.8030396,262.1546936,267.6711121,272.7261963,212.2653198,213.1179352,214.5272217,231.1016693,215.5424347,230.3214417,236.8148651,190.093811,..,..
Eritrea,ERI,Sub-Saharan Africa,Low income,Current health expenditure per capita (current US$),SH.XPD.CHEX.PC.CD,26.00652122,35.55129623,27.78689003,31.63773346,32.93447495,29.22208977,26.00592422,25.10270691,26.68201065,28.42930794,27.66241646,27.58759499,27.08350372,..,..
Estonia,EST,Europe & Central Asia,High income,Current health expenditure per capita (current US$),SH.XPD.CHEX.PC.CD,966.1902466,1061.162842,1058.719604,1194.862061,1287.76123,1156.202759,1226.085938,1350.126465,1553.433472,1599.350342,1789.03418,2091.156494,1998.885498,..,..
Eswatini,SWZ,Sub-Saharan Africa,Lower middle income,Current health expenditure per capita (current US$),SH.XPD.CHEX.PC.CD,343.0428467,365.252655,340.0301209,303.4043884,282.43396,250.71521,226.4177094,265.5015259,292.3392944,320.0508423,236.2501373,296.8284607,283.8834534,..,..
Ethiopia,ETH,Sub-Saharan Africa,0,Current health expenditure per capita (current US$),SH.XPD.CHEX.PC.CD,16.17102051,14.62286568,20.00217628,19.26698494,21.6064415,23.21817207,24.34373283,24.18239403,23.5205574,25.93511963,28.28001595,26.06936646,27.0685215,..,..
Euro area,EMU,0,0,Current health expenditure per capita (current US$),SH.XPD.CHEX.PC.CD,3813.836618,4074.295615,3800.353963,3979.131572,4067.876388,3497.460994,3564.610894,3754.9788,4043.727006,3990.21969,4261.740862,4786.258658,4414.09743,..,..
Europe & Central Asia,ECS,0,0,Current health expenditure per capita (current US$),SH.XPD.CHEX.PC.CD,2185.472055,2368.239353,2273.985619,2379.690672,2425.210496,2098.122955,2090.194455,2186.231528,2338.644992,2327.437818,2520.12746,2852.86366,2792.729709,..,..
Europe & Central Asia (excluding high income),ECA,0,0,Current health expenditure per capita (current US$),SH.XPD.CHEX.PC.CD,310.3170583,330.3798413,346.0095496,367.3598431,345.5053483,293.3860764,288.2317581,287.4846979,281.5862522,296.1807285,313.0557452,373.1649864,367.8005876,..,..
Europe & Central Asia (IDA & IBRD countries),TEC,0,0,Current health expenditure per capita (current US$),SH.XPD.CHEX.PC.CD,454.0840352,505.4638727,530.545602,565.1650474,535.0081641,416.0910315,405.5340149,453.3760403,471.9443766,498.0613071,564.1147301,639.9650135,728.5719906,..,..
European Union,EUU,0,0,Current health expenditure per capita (current US$),SH.XPD.CHEX.PC.CD,3270.279073,3525.478309,3300.159839,3463.070905,3538.888876,3046.102343,3110.087913,3283.961681,3540.145259,3496.996762,3742.855912,4226.05154,3897.670385,..,..
Faroe Islands,FRO,Europe & Central Asia,High income,Current health expenditure per capita (current US$),SH.XPD.CHEX.PC.CD,..,..,..,..,..,..,..,..,..,..,..,..,..,..,..
Fiji,FJI,East Asia & Pacific,Upper middle income,Current health expenditure per capita (current US$),SH.XPD.CHEX.PC.CD,127.6560364,140.9370422,153.5656281,158.5180664,178.3116913,169.4751892,175.9163513,185.6964569,249.8602295,254.8304749,256.2596741,331.584137,217.1506805,212.8869782,..
Finland,FIN,Europe & Central Asia,High income,Current health expenditure per capita (current US$),SH.XPD.CHEX.PC.CD,4251.528809,4717.507813,4573.197266,4892.033691,4922.429688,4128.20752,4108.739746,4235.754883,4521.276367,4459.929688,4736.214355,5261.909668,4902.039063,..,..
Fragile and conflict affected situations,FCS,0,0,Current health expenditure per capita (current US$),SH.XPD.CHEX.PC.CD,66.65455915,72.42360823,79.34218258,82.88226758,81.23003272,73.07129067,70.74408037,69.77243122,75.6606662,73.95349286,74.50165529,80.72434834,71.87730729,..,..
France,FRA,Europe & Central Asia,High income,Current health expenditure per capita (current US$),SH.XPD.CHEX.PC.CD,4592.383301,4931.87793,4644.595703,4884.71582,4974.746582,4198.729004,4264.145996,4416.791992,4667.95752,4508.760742,4747.513672,5376.745605,4865.178223,..,..
French Polynesia,PYF,East Asia & Pacific,High income,Current health expenditure per capita (current US$),SH.XPD.CHEX.PC.CD,..,..,..,..,..,..,..,..,..,..,..,..,..,..,..
Gabon,GAB,Sub-Saharan Africa,Upper middle income,Current health expenditure per capita (current US$),SH.XPD.CHEX.PC.CD,206.8770294,261.3759766,225.0772247,261.2945252,233.0536804,187.2727051,207.5027313,192.4754334,209.2869721,205.9994507,225.3246613,228.8491516,247.0962219,..,..
"Gambia, The",GMB,Sub-Saharan Africa,Low income,Current health expenditure per capita (current US$),SH.XPD.CHEX.PC.CD,32.99832535,31.05148888,29.56409264,25.59075928,17.33743477,19.67725563,20.77086067,21.55331612,22.5376339,23.21861267,26.85589027,25.39263344,28.89956109,..,..
Georgia,GEO,Europe & Central Asia,Upper middle income,Current health expenditure per capita (current US$),SH.XPD.CHEX.PC.CD,285.1502991,312.9692383,345.6007996,355.7394104,367.3204041,292.7634888,319.3100891,302.2636719,329.8941345,306.4607544,351.9433594,413.7199707,477.7095642,..,..
Germany,DEU,Europe & Central Asia,High income,Current health expenditure per capita (current US$),SH.XPD.CHEX.PC.CD,4611.421875,5037.491699,4765.678711,5100.152344,5309.154785,4627.275879,4746.775391,5065.431641,5507.676758,5488.539551,5932.200195,6638.208008,6182.34375,6232.591309,..
Ghana,GHA,Sub-Saharan Africa,Lower middle income,Current health expenditure per capita (current US$),SH.XPD.CHEX.PC.CD,80.57714844,91.68003845,81.94947815,105.347847,78.46701813,78.21643066,64.86400604,54.10602188,53.37788773,71.14958191,97.37677765,94.40388489,82.32108307,..,..
Gibraltar,GIB,Europe & Central Asia,High income,Current health expenditure per capita (current US$),SH.XPD.CHEX.PC.CD,..,..,..,..,..,..,..,..,..,..,..,..,..,..,..
Greece,GRC,Europe & Central Asia,High income,Current health expenditure per capita (current US$),SH.XPD.CHEX.PC.CD,2564.369385,2338.915039,1948.248535,1832.029663,1700.494385,1481.419678,1513.259155,1509.784546,1603.077881,1569.029053,1674.78418,1846.373047,1768.110718,..,..
Greenland,GRL,Europe & Central Asia,High income,Current health expenditure per capita (current US$),SH.XPD.CHEX.PC.CD,..,..,..,..,..,..,..,..,..,..,..,..,..,..,..
Grenada,GRD,Latin America & Caribbean,Upper middle income,Current health expenditure per capita (current US$),SH.XPD.CHEX.PC.CD,374.4650879,403.1712952,413.0265808,417.7458191,381.2259827,404.0068054,409.2784119,454.0726624,462.2394104,515.9472656,477.3442993,514.3214111,521.2373047,..,..
Guam,GUM,East Asia & Pacific,High income,Current health expenditure per capita (current US$),SH.XPD.CHEX.PC.CD,..,..,..,..,..,..,..,..,..,..,..,..,..,..,..
Guatemala,GTM,Latin America & Caribbean,Upper middle income,Current health expenditure per capita (current US$),SH.XPD.CHEX.PC.CD,175.3131867,191.2473297,200.8488007,198.7929688,217.2376404,233.8447876,246.4538269,265.3659363,265.8182068,278.5902405,289.2164002,341.1486511,396.0799866,..,..
Guinea,GIN,Sub-Saharan Africa,Lower middle income,Current health expenditure per capita (current US$),SH.XPD.CHEX.PC.CD,22.59741783,24.12806129,23.70012856,25.90467834,36.63517761,43.41540527,38.46130753,32.63646317,34.88978195,42.16910172,41.1027565,44.10476303,55.03785324,..,..
Guinea-Bissau,GNB,Sub-Saharan Africa,Low income,Current health expenditure per capita (current US$),SH.XPD.CHEX.PC.CD,31.61246872,44.72909927,37.75499725,46.05934143,64.99989319,52.45866776,56.60805511,54.8225174,58.8792572,54.16643524,68.1931076,68.37879181,66.05480957,..,..
Guyana,GUY,Latin America & Caribbean,High income,Current health expenditure per capita (current US$),SH.XPD.CHEX.PC.CD,162.7039337,186.1139221,201.8883209,211.2910614,216.0375977,226.894043,235.916626,266.8636475,296.6690369,314.0977478,367.1126099,462.5905457,531.6278687,..,..
Haiti,HTI,Latin America & Caribbean,Lower middle income,Current health expenditure per capita (current US$),SH.XPD.CHEX.PC.CD,55.73518753,77.12206268,75.08546448,59.38277435,65.10858917,68.50547791,60.06819153,53.80579758,62.30102539,49.32995987,44.4271965,57.62987518,52.29947662,..,..
Heavily indebted poor countries (HIPC),HPC,0,0,Current health expenditure per capita (current US$),SH.XPD.CHEX.PC.CD,40.56444669,43.8535813,44.57010963,47.80206445,48.52976664,46.12692898,45.41124959,44.18044039,43.42071466,44.8331889,47.70297768,51.23034801,51.32412808,..,..
High income,HIC,0,0,Current health expenditure per capita (current US$),SH.XPD.CHEX.PC.CD,4077.909565,4390.871506,4408.980022,4437.391042,4558.009557,4374.870123,4505.437722,4669.889223,4904.295365,5006.729693,5450.799862,5835.820247,5753.774134,..,..
Honduras,HND,Latin America & Caribbean,Lower middle income,Current health expenditure per capita (current US$),SH.XPD.CHEX.PC.CD,165.199707,182.3137207,184.0415497,176.421875,172.528183,169.9719849,177.8835144,169.0719452,178.1494751,183.750061,212.7419281,253.6334992,251.0440521,..,..
"Hong Kong SAR, China",HKG,East Asia & Pacific,High income,Current health expenditure per capita (current US$),SH.XPD.CHEX.PC.CD,..,..,..,..,..,..,..,..,..,..,..,..,..,..,..
Hungary,HUN,Europe & Central Asia,High income,Current health expenditure per capita (current US$),SH.XPD.CHEX.PC.CD,983.1108398,1063.432373,961.1383667,990.6311646,1006.156494,870.5194092,914.1932373,985.0719605,1080.447754,1054.280762,1172.839722,1381.621094,1224.433838,1407.487305,..
IBRD only,IBD,0,0,Current health expenditure per capita (current US$),SH.XPD.CHEX.PC.CD,230.024925,267.3422715,284.759133,304.7757625,311.4111769,296.7612203,295.0267901,323.3129873,337.3151832,348.097575,356.9602837,409.1045433,420.5365759,..,..
Iceland,ISL,Europe & Central Asia,High income,Current health expenditure per capita (current US$),SH.XPD.CHEX.PC.CD,3614.03833,3937.315918,3784.383789,4095.67627,4522.905762,4303.841797,5053.517578,5992.053223,6280.038574,5912.009766,5692.891113,6722.421875,6851.629395,7196.90918,..
IDA & IBRD total,IBT,0,0,Current health expenditure per capita (current US$),SH.XPD.CHEX.PC.CD,184.7513416,213.3040173,226.5430259,241.7244934,246.7771227,234.8790205,232.5344597,252.2830859,262.2904137,269.5570859,275.6678585,314.379069,321.1847352,..,..
IDA blend,IDB,0,0,Current health expenditure per capita (current US$),SH.XPD.CHEX.PC.CD,53.93488809,57.93981271,62.82030249,68.32922733,72.29962477,68.27782262,63.60401184,61.21852898,59.3804562,59.8418142,62.2628084,73.24459451,75.11300898,..,..
IDA only,IDX,0,0,Current health expenditure per capita (current US$),SH.XPD.CHEX.PC.CD,38.20322246,41.19631165,42.25521485,45.39477334,46.833286,46.38935472,45.96856619,45.68677009,46.8888611,47.3913555,49.01175713,52.63588202,53.08680894,..,..
IDA total,IDA,0,0,Current health expenditure per capita (current US$),SH.XPD.CHEX.PC.CD,43.85122742,47.21582581,49.65198682,53.57988036,55.91953286,54.19174483,52.24261061,51.16623193,51.28798939,51.76642985,53.65857163,59.85139187,60.78688292,..,..
India,IND,South Asia,Lower middle income,Current health expenditure per capita (current US$),SH.XPD.CHEX.PC.CD,44.79586029,48.18242264,48.45263672,55.46933746,56.3490181,58.12401581,59.72652817,56.66844559,57.46551132,60.6913681,63.83099747,75.54971313,79.51509857,..,..
Indonesia,IDN,East Asia & Pacific,Upper middle income,Current health expenditure per capita (current US$),SH.XPD.CHEX.PC.CD,85.55950165,107.0054016,105.8542557,102.3382492,102.0048218,96.15701294,106.4002152,110.3261032,110.7158585,118.2238083,131.8225708,158.8976135,127.4438477,..,..
"Iran, Islamic Rep.",IRN,"Middle East, North Africa, Afghanistan & Pakistan",Upper middle income,Current health expenditure per capita (current US$),SH.XPD.CHEX.PC.CD,424.60495,505.3327637,500.2182617,398.3994751,368.1918335,380.4064331,444.4397278,464.1290894,284.9518127,225.2325287,201.4589386,233.7467194,237.82547,..,..
Iraq,IRQ,"Middle East, North Africa, Afghanistan & Pakistan",Upper middle income,Current health expenditure per capita (current US$),SH.XPD.CHEX.PC.CD,144.5408325,161.8979034,174.4831238,186.7874298,178.9807129,149.0795136,199.8855133,197.2365418,232.8682556,241.738739,248.0472565,251.5953827,254.6243286,..,..
Ireland,IRL,Europe & Central Asia,High income,Current health expenditure per capita (current US$),SH.XPD.CHEX.PC.CD,5133.455078,5545.76416,5210.36377,5313.709473,5316.269531,4575.944824,4726.312988,5010.256348,5187.057617,5462.730957,6098.266602,6764.258789,6448.021973,..,..
Isle of Man,IMN,Europe & Central Asia,High income,Current health expenditure per capita (current US$),SH.XPD.CHEX.PC.CD,..,..,..,..,..,..,..,..,..,..,..,..,..,..,..
Israel,ISR,"Middle East, North Africa, Afghanistan & Pakistan",High income,Current health expenditure per capita (current US$),SH.XPD.CHEX.PC.CD,2237.907959,2442.290527,2405.180908,2673.337158,2804.231445,2645.788574,2783.824951,3074.446045,3199.41626,3335.245117,3616.502197,4190.613281,4223.872559,..,..
Italy,ITA,Europe & Central Asia,High income,Current health expenditure per capita (current US$),SH.XPD.CHEX.PC.CD,3217.682861,3391.989258,3086.303223,3149.242676,3154.275879,2675.671631,2699.73291,2809.721436,3002.76123,2910.646729,3062.098389,3399.857666,3134.680664,3228.435059,..
Jamaica,JAM,Latin America & Caribbean,Upper middle income,Current health expenditure per capita (current US$),SH.XPD.CHEX.PC.CD,254.6974182,274.1094971,260.9064026,253.8757782,256.9966736,284.7729187,285.6094971,323.3738098,332.9004517,341.9077759,323.3021545,371.140564,468.3467102,..,..
Japan,JPN,East Asia & Pacific,High income,Current health expenditure per capita (current US$),SH.XPD.CHEX.PC.CD,4071.802002,5103.343262,5232.362793,4356.155273,4121.211426,3754.181152,4194.228027,4135.243164,4265.779297,4431.299805,4486.636719,4482.618164,3889.357178,..,..
Jordan,JOR,"Middle East, North Africa, Afghanistan & Pakistan",Lower middle income,Current health expenditure per capita (current US$),SH.XPD.CHEX.PC.CD,303.8081665,321.5905762,325.978363,308.9430847,302.1412048,301.6306763,278.1337891,289.0465698,289.4710693,294.9278565,286.197113,301.2863159,295.1387634,..,..
Kazakhstan,KAZ,Europe & Central Asia,Upper middle income,Current health expenditure per capita (current US$),SH.XPD.CHEX.PC.CD,240.6149292,293.7330017,365.0420837,358.9134216,369.6850891,310.0142822,255.8404999,272.9827271,266.9214783,263.6133118,329.5708618,391.8153687,420.9798279,..,..
Kenya,KEN,Sub-Saharan Africa,Lower middle income,Current health expenditure per capita (current US$),SH.XPD.CHEX.PC.CD,58.8164711,57.02286911,64.48231506,67.59809875,72.84589386,70.94755554,73.88768005,66.46552277,75.27681732,85.64528656,86.59217834,94.1061554,90.43982697,..,..
Kiribati,KIR,East Asia & Pacific,Lower middle income,Current health expenditure per capita (current US$),SH.XPD.CHEX.PC.CD,133.1592712,141.5138092,146.6194458,154.3434601,155.3865662,118.3345871,157.7289734,179.5788117,208.7383118,177.9302521,239.2435303,262.5410767,217.6827698,..,..
"Korea, Dem. People's Rep.",PRK,East Asia & Pacific,Low income,Current health expenditure per capita (current US$),SH.XPD.CHEX.PC.CD,..,..,..,..,..,..,..,..,..,..,..,..,..,..,..
"Korea, Rep.",KOR,East Asia & Pacific,High income,Current health expenditure per capita (current US$),SH.XPD.CHEX.PC.CD,1413.1521,1562.213135,1591.780396,1727.566162,1909.915039,1933.617798,2015.13208,2221.751465,2493.335693,2592.478516,2649.334229,3141.522461,3049.671631,3269.703857,..
Kosovo,XKX,Europe & Central Asia,Upper middle income,Current health expenditure per capita (current US$),SH.XPD.CHEX.PC.CD,..,..,..,..,..,..,..,..,..,..,..,..,..,..,..
Kuwait,KWT,"Middle East, North Africa, Afghanistan & Pakistan",High income,Current health expenditure per capita (current US$),SH.XPD.CHEX.PC.CD,1050.415894,1147.155396,1216.868408,1235.293213,1293.832642,1259.557861,1292.719849,1351.723877,1658.60376,1643.164917,1523.427612,1788.775635,1700.31958,..,..
Kyrgyz Republic,KGZ,Europe & Central Asia,Lower middle income,Current health expenditure per capita (current US$),SH.XPD.CHEX.PC.CD,60.67642975,78.73632813,98.66984558,103.5918884,93.15830994,79.54891205,71.52179718,76.60479736,65.34625244,61.39657974,61.40720367,72.58777618,85.87857056,..,..
Lao PDR,LAO,East Asia & Pacific,Lower middle income,Current health expenditure per capita (current US$),SH.XPD.CHEX.PC.CD,34.52460861,27.11878395,32.46548843,43.49770355,45.53330612,52.04236603,54.3762207,61.42248535,57.1708374,67.57865143,51.96581268,68.61697388,41.34779739,..,..
Late-demographic dividend,LTE,0,0,Current health expenditure per capita (current US$),SH.XPD.CHEX.PC.CD,327.0297936,387.4821608,415.5056494,454.9151919,477.2430463,449.3617781,453.2085168,508.0407623,552.0124077,578.1397726,600.2699344,684.8191827,705.0053049,..,..
Latin America & Caribbean,LCN,0,0,Current health expenditure per capita (current US$),SH.XPD.CHEX.PC.CD,637.6891856,725.6202787,725.0005061,757.9474492,763.0953738,681.597121,653.6256325,739.0802554,678.4305504,661.4933792,589.402562,664.3978463,721.8908928,..,..
Latin America & Caribbean (excluding high income),LAC,0,0,Current health expenditure per capita (current US$),SH.XPD.CHEX.PC.CD,627.0983346,713.6847208,708.6742939,738.1332643,743.8487788,657.4244926,625.3374444,707.7903786,666.4540829,650.9607086,571.9856139,641.776602,701.7444818,..,..
Latin America & the Caribbean (IDA & IBRD countries),TLA,0,0,Current health expenditure per capita (current US$),SH.XPD.CHEX.PC.CD,637.7490395,725.7486069,726.9738295,758.3261629,760.4348797,674.8916538,646.3321811,733.3693531,672.137646,654.2034997,577.7774661,663.5391851,720.8815672,..,..
Latvia,LVA,Europe & Central Asia,High income,Current health expenditure per capita (current US$),SH.XPD.CHEX.PC.CD,689.0772095,764.5917969,745.5174561,807.1300049,856.7665405,775.8643189,874.7977295,932.5015869,1101.492432,1183.115112,1313.354126,1897.952759,1642.471313,..,..
Least developed countries: UN classification,LDC,0,0,Current health expenditure per capita (current US$),SH.XPD.CHEX.PC.CD,32.9767889,36.41481799,38.06377572,41.41365283,43.38444754,42.34720305,42.02829311,42.57943554,42.67547355,41.96966623,42.78850981,46.30734591,48.18208215,..,..
Lebanon,LBN,"Middle East, North Africa, Afghanistan & Pakistan",Lower middle income,Current health expenditure per capita (current US$),SH.XPD.CHEX.PC.CD,567.2550659,640.6980591,588.8391724,576.8717651,569.9793701,572.0722046,640.9656372,671.7799683,740.4694214,779.6077881,518.296875,311.8408508,392.3832703,..,..
Lesotho,LSO,Sub-Saharan Africa,Lower middle income,Current health expenditure per capita (current US$),SH.XPD.CHEX.PC.CD,88.61594391,118.7256928,126.1050415,131.5473023,121.3491592,105.0950851,91.45993805,115.9289093,131.4331207,236.4402466,97.32032776,116.6022263,133.7017059,..,..
Liberia,LBR,Sub-Saharan Africa,Low income,Current health expenditure per capita (current US$),SH.XPD.CHEX.PC.CD,50.15371704,53.83006287,49.88091278,48.22105026,59.32390976,69.40925598,67.68016052,71.56608582,71.17150116,51.1932373,76.11009979,92.3295517,99.65045929,..,..
Libya,LBY,"Middle East, North Africa, Afghanistan & Pakistan",Upper middle income,Current health expenditure per capita (current US$),SH.XPD.CHEX.PC.CD,380.585968,305.2003784,592.463562,594.6533814,462.1921692,433.0680847,464.4753113,466.0853882,544.8807983,552.7316895,472.622406,306.7045898,278.3821106,..,..
Liechtenstein,LIE,Europe & Central Asia,High income,Current health expenditure per capita (current US$),SH.XPD.CHEX.PC.CD,..,..,..,..,..,..,..,..,..,..,..,..,..,..,..
Lithuania,LTU,Europe & Central Asia,High income,Current health expenditure per capita (current US$),SH.XPD.CHEX.PC.CD,805.2244873,925.4716187,896.9370728,958.9271851,1021.232971,920.1997681,988.5279541,1078.171387,1249.031006,1369.979492,1520.392212,1854.280518,1829.663208,1988.946655,..
Low & middle income,LMY,0,0,Current health expenditure per capita (current US$),SH.XPD.CHEX.PC.CD,168.528897,195.3171919,207.5254005,221.7665767,229.0653926,223.8880308,221.919116,238.5806514,247.7922432,254.7221919,257.6453915,293.1386123,296.0006721,..,..
Low income,LIC,0,0,Current health expenditure per capita (current US$),SH.XPD.CHEX.PC.CD,39.41616635,40.85688044,39.9724958,42.35798913,43.8402242,40.91332843,38.65658447,37.06249792,37.34242513,35.04775372,35.85375677,37.1837336,39.01621395,..,..
Lower middle income,LMC,0,0,Current health expenditure per capita (current US$),SH.XPD.CHEX.PC.CD,56.44837431,61.81034823,64.88049732,70.91952689,73.13437637,73.73145151,73.20378171,71.04652861,72.53211273,76.31119107,78.85096217,91.47705543,93.50330589,..,..
Luxembourg,LUX,Europe & Central Asia,High income,Current health expenditure per capita (current US$),SH.XPD.CHEX.PC.CD,7459.835449,7174.739258,6029.474609,6356.644531,6547.034668,5421.932129,5475.139648,5713.118652,6227.083984,6221.73877,6785.862305,7632.572754,7022.626953,7504.584961,..
"Macao SAR, China",MAC,East Asia & Pacific,High income,Current health expenditure per capita (current US$),SH.XPD.CHEX.PC.CD,..,..,..,..,..,..,..,..,..,..,..,..,..,..,..
Madagascar,MDG,Sub-Saharan Africa,Low income,Current health expenditure per capita (current US$),SH.XPD.CHEX.PC.CD,21.13975906,22.88667488,19.30151749,19.33186913,22.56570244,22.29386139,24.20793915,23.62072182,21.12731934,15.50084877,16.78295326,17.17938805,16.32154655,..,..
Malawi,MWI,Sub-Saharan Africa,Low income,Current health expenditure per capita (current US$),SH.XPD.CHEX.PC.CD,33.99176025,39.29244232,32.53772354,39.53992844,35.337677,34.97310638,34.0307579,37.60110092,36.70302963,36.91519165,43.22896194,47.58463669,39.65991211,..,..
Malaysia,MYS,East Asia & Pacific,Upper middle income,Current health expenditure per capita (current US$),SH.XPD.CHEX.PC.CD,285.6426392,343.4587708,371.7604675,381.6921082,414.4392395,368.7733154,350.7116089,366.366394,409.8471069,419.3256836,406.5200501,476.9436646,458.219635,..,..
Maldives,MDV,South Asia,Upper middle income,Current health expenditure per capita (current US$),SH.XPD.CHEX.PC.CD,608.8717651,588.2075806,647.1155396,671.6532593,707.3924561,837.4729004,1017.999084,961.5741577,833.2157593,880.7996216,845.8244019,1057.34314,1150.685547,..,..
Mali,MLI,Sub-Saharan Africa,Low income,Current health expenditure per capita (current US$),SH.XPD.CHEX.PC.CD,31.36423492,31.67959213,27.53107071,30.09257126,35.7261734,28.97842216,27.58086205,28.49467659,31.16962624,31.4089489,28.20211601,30.61906815,29.74292755,..,..
Malta,MLT,"Middle East, North Africa, Afghanistan & Pakistan",High income,Current health expenditure per capita (current US$),SH.XPD.CHEX.PC.CD,1733.668823,1960.061157,1898.60144,2121.082275,2456.434814,2243.467041,2321.15332,2551.716064,2753.510986,2943.63208,3135.405273,3641.619385,3352.774902,..,..
Marshall Islands,MHL,East Asia & Pacific,Upper middle income,Current health expenditure per capita (current US$),SH.XPD.CHEX.PC.CD,548.598999,376.3920593,410.4979248,445.4242554,449.9056397,557.3521118,619.3566895,553.0629883,702.8359375,793.6685181,687.024353,782.1635132,758.4487305,..,..
Mauritania,MRT,Sub-Saharan Africa,Lower middle income,Current health expenditure per capita (current US$),SH.XPD.CHEX.PC.CD,43.759655,47.77469254,49.2515831,55.47412872,59.29050827,57.1233139,49.90084076,55.22446442,49.68307495,54.63365555,53.89974594,73.6309433,90.41540527,..,..
Mauritius,MUS,Sub-Saharan Africa,Upper middle income,Current health expenditure per capita (current US$),SH.XPD.CHEX.PC.CD,357.1738281,385.7624817,387.1026001,440.0028076,544.4412231,515.7224731,540.392395,594.8612061,640.6218262,639.1828613,541.9518433,593.77948,590.93573,..,..
Mexico,MEX,Latin America & Caribbean,Upper middle income,Current health expenditure per capita (current US$),SH.XPD.CHEX.PC.CD,534.0852051,565.3173828,582.4829712,625.5976563,609.8223267,553.9125977,489.9223023,512.5497437,528.2630615,549.7260132,535.1166992,606.1341553,650.9707031,..,..
"Micronesia, Fed. Sts.",FSM,East Asia & Pacific,Lower middle income,Current health expenditure per capita (current US$),SH.XPD.CHEX.PC.CD,581.4556885,379.5343628,372.1022034,354.8226929,345.0158997,362.2762451,399.7465515,408.8656006,426.758728,424.8993835,402.9805908,398.7614441,396.7605896,..,..
"Middle East, North Africa, Afghanistan & Pakistan",MEA,0,0,Current health expenditure per capita (current US$),SH.XPD.CHEX.PC.CD,218.0228914,248.4925123,263.4520197,264.7812454,278.010622,269.4134575,280.297129,286.8000897,279.1587287,274.6735494,278.4256203,296.6665572,293.1042754,..,..
"Middle East, North Africa, Afghanistan & Pakistan (excluding high income)",MNA,0,0,Current health expenditure per capita (current US$),SH.XPD.CHEX.PC.CD,140.4052637,158.6270039,167.5126151,156.2082065,157.3065138,152.6395872,158.2502661,158.1425111,141.9962279,133.839418,127.0878858,136.306827,132.5819176,..,..
"Middle East, North Africa, Afghanistan & Pakistan (IDA & IBRD)",TMN,0,0,Current health expenditure per capita (current US$),SH.XPD.CHEX.PC.CD,139.883542,157.6344033,166.6412842,155.0633275,156.2505809,151.7310471,157.2892436,157.1039947,140.7434531,132.5664602,125.7767002,134.7015761,131.036106,..,..
Middle income,MIC,0,0,Current health expenditure per capita (current US$),SH.XPD.CHEX.PC.CD,178.1725339,207.0481031,220.448875,236.2186381,244.1867279,239.0470543,237.3601505,256.2510733,266.5878034,274.7321974,278.2562151,317.4466462,321.0718963,..,..
Moldova,MDA,Europe & Central Asia,Upper middle income,Current health expenditure per capita (current US$),SH.XPD.CHEX.PC.CD,198.2889404,214.9824677,223.6189575,231.6622925,230.7698212,186.4364319,171.1847687,243.9454041,276.4714356,284.300293,306.6489258,410.1229858,398.1491089,..,..
Monaco,MCO,Europe & Central Asia,High income,Current health expenditure per capita (current US$),SH.XPD.CHEX.PC.CD,8016.669922,8302.794922,7868.831543,8455.655273,8678.043945,7348.51709,7149.518066,7098.205078,7616.035645,7512.531738,7579.644043,8222.664063,7655.94043,..,..
Mongolia,MNG,East Asia & Pacific,Upper middle income,Current health expenditure per capita (current US$),SH.XPD.CHEX.PC.CD,99.50933838,135.9866486,169.6519928,180.4154358,176.6965179,165.1929627,168.4140472,160.4889679,188.6411591,197.5713196,188.7746429,330.0375366,448.2421265,..,..
Montenegro,MNE,Europe & Central Asia,Upper middle income,Current health expenditure per capita (current US$),SH.XPD.CHEX.PC.CD,..,571.6560059,535.1622315,597.1759644,581.401062,582.187439,604.8866577,623.6884155,745.7520752,754.7744141,896.2488403,1024.256592,1107.064453,..,..
Morocco,MAR,"Middle East, North Africa, Afghanistan & Pakistan",Lower middle income,Current health expenditure per capita (current US$),SH.XPD.CHEX.PC.CD,168.3659515,179.0001984,172.0435333,179.8197479,188.6415863,162.8519898,162.2150726,166.8500061,175.7051849,177.8462524,185.4524536,211.9419098,199.2141266,..,..
Mozambique,MOZ,Sub-Saharan Africa,Low income,Current health expenditure per capita (current US$),SH.XPD.CHEX.PC.CD,26.26061249,30.42516136,35.24672699,41.5031395,43.50259018,40.35658646,31.85357285,36.75825882,41.29206467,41.01906586,34.87546539,45.22790909,49.4729538,..,..
Myanmar,MMR,East Asia & Pacific,Lower middle income,Current health expenditure per capita (current US$),SH.XPD.CHEX.PC.CD,20.23270416,27.40522575,37.25568008,37.68575287,54.28113556,63.62335968,59.67910385,59.51782608,60.83261871,53.72147369,66.02284241,71.14800262,57.96875763,..,..
Namibia,NAM,Sub-Saharan Africa,Lower middle income,Current health expenditure per capita (current US$),SH.XPD.CHEX.PC.CD,519.5505371,565.4346924,550.6829834,484.6433106,452.2585144,476.5094299,409.7810669,448.5822144,439.8765869,397.4284973,344.6992493,413.5119019,405.5939331,..,..
Nauru,NRU,East Asia & Pacific,High income,Current health expenditure per capita (current US$),SH.XPD.CHEX.PC.CD,626.2112427,672.2762451,873.8165894,831.8456421,760.0439453,979.765564,981.883667,1127.475098,1221.423584,1213.868042,1270.525635,1809.333862,2264.202393,..,..
Nepal,NPL,South Asia,Lower middle income,Current health expenditure per capita (current US$),SH.XPD.CHEX.PC.CD,29.62231827,34.14775085,33.64963913,35.14327621,41.9739151,46.49585342,47.1232872,49.63053513,51.16128922,53.61107254,59.07941437,66.54234314,88.26616669,..,..
Netherlands,NLD,Europe & Central Asia,High income,Current health expenditure per capita (current US$),SH.XPD.CHEX.PC.CD,5191.693848,5562.121094,5284.649902,5532.726074,5601.885742,4676.562012,4644.020996,4934.575195,5330.660156,5340.612793,5865.905273,6554.968262,5796.034668,..,..
New Caledonia,NCL,East Asia & Pacific,High income,Current health expenditure per capita (current US$),SH.XPD.CHEX.PC.CD,..,..,..,..,..,..,..,..,..,..,..,..,..,..,..
New Zealand,NZL,East Asia & Pacific,High income,Current health expenditure per capita (current US$),SH.XPD.CHEX.PC.CD,3232.713623,3655.536377,3854.956299,4012.08374,4184.597656,3582.663574,3702.371094,3849.741699,3907.599121,4059.056396,4214.571777,4967.381836,4804.37793,..,..
Nicaragua,NIC,Latin America & Caribbean,Lower middle income,Current health expenditure per capita (current US$),SH.XPD.CHEX.PC.CD,117.7014771,125.1354065,133.6448975,140.2037201,156.2223206,165.1894836,171.5748291,181.7581024,172.9760437,166.4900971,165.8803864,204.212738,208.4754486,..,..
Niger,NER,Sub-Saharan Africa,Low income,Current health expenditure per capita (current US$),SH.XPD.CHEX.PC.CD,23.7641449,24.84123039,22.71487427,24.61338997,25.09494019,25.96905327,22.68474007,29.09627533,30.61364555,31.89424324,35.75509644,35.39406204,26.50681686,..,..
Nigeria,NGA,Sub-Saharan Africa,Lower middle income,Current health expenditure per capita (current US$),SH.XPD.CHEX.PC.CD,73.008255,80.2377243,87.89523315,97.29588318,102.3988876,92.91207123,75.52328491,70.31814575,63.60244751,67.6254425,67.91384888,81.87322235,90.92185211,..,..
North America,NAC,0,0,Current health expenditure per capita (current US$),SH.XPD.CHEX.PC.CD,7561.413612,7756.468411,7989.631061,8117.337616,8438.119887,8747.455126,9046.624592,9326.952368,9663.093127,9989.457273,11053.0048,11429.55914,11789.31002,..,..
North Macedonia,MKD,Europe & Central Asia,Upper middle income,Current health expenditure per capita (current US$),SH.XPD.CHEX.PC.CD,308.0942993,335.1317139,317.978302,361.1316834,357.6386719,322.2521362,347.4427185,375.3303833,426.5729065,469.4734497,510.8101196,636.65448,561.6928101,..,..
Northern Mariana Islands,MNP,East Asia & Pacific,High income,Current health expenditure per capita (current US$),SH.XPD.CHEX.PC.CD,..,..,..,..,..,..,..,..,..,..,..,..,..,..,..
Norway,NOR,Europe & Central Asia,High income,Current health expenditure per capita (current US$),SH.XPD.CHEX.PC.CD,7859.516113,8900.37207,8970.119141,9241.265625,9116.37793,7566.561523,7492.07666,7815.787109,8271.859375,8007.355469,7824.577148,9163.138672,8692.576172,..,..
Not classified,INX,#N/A,#N/A,Current health expenditure per capita (current US$),SH.XPD.CHEX.PC.CD,..,..,..,..,..,..,..,..,..,..,..,..,..,..,..
OECD members,OED,0,0,Current health expenditure per capita (current US$),SH.XPD.CHEX.PC.CD,4049.372532,4343.310075,4351.121341,4373.496244,4489.529645,4322.598422,4445.736994,4588.601738,4799.828589,4885.360587,5292.303872,5654.945594,5551.648942,..,..
Oman,OMN,"Middle East, North Africa, Afghanistan & Pakistan",High income,Current health expenditure per capita (current US$),SH.XPD.CHEX.PC.CD,583.5707398,563.2363281,561.1171875,587.7107544,726.6466065,767.0445557,714.4886475,704.6295166,639.7808228,730.083252,859.2496948,856.4214478,706.9222412,..,..
Other small states,OSS,0,0,Current health expenditure per capita (current US$),SH.XPD.CHEX.PC.CD,694.5203335,734.578784,704.593397,747.0249547,784.6576817,720.0042116,764.3534762,837.1644808,918.9671519,933.764211,992.5115756,1172.494041,1146.190538,..,..
Pacific island small states,PSS,0,0,Current health expenditure per capita (current US$),SH.XPD.CHEX.PC.CD,161.5928218,163.2459774,176.1881852,177.1362627,185.0350209,178.4346744,185.2021549,189.3492873,217.3011314,225.9322511,227.9521012,264.3087023,219.9419367,..,..
Pakistan,PAK,"Middle East, North Africa, Afghanistan & Pakistan",Lower middle income,Current health expenditure per capita (current US$),SH.XPD.CHEX.PC.CD,23.62846184,25.02491379,25.59742928,28.20998955,32.11787415,33.99359894,36.46934128,42.07228851,40.09578323,36.01374817,36.9091301,42.79639816,38.76602173,..,..
Palau,PLW,East Asia & Pacific,High income,Current health expenditure per capita (current US$),SH.XPD.CHEX.PC.CD,1093.307861,1072.563232,1239.993042,1399.299316,1481.356567,1554.911865,1704.623169,1775.328491,1794.765625,1924.657959,1934.029053,1916.505981,1978.85437,..,..
Panama,PAN,Latin America & Caribbean,High income,Current health expenditure per capita (current US$),SH.XPD.CHEX.PC.CD,607.4224243,664.975647,725.0154419,805.789856,919.2946167,982.0653076,1056.684814,1126.961548,1227.305542,1339.451538,1358.449829,1417.154175,1472.046387,..,..
Papua New Guinea,PNG,East Asia & Pacific,Lower middle income,Current health expenditure per capita (current US$),SH.XPD.CHEX.PC.CD,39.3453064,52.49456787,70.27664948,76.75310516,89.08061218,45.18995285,53.98646545,55.24723816,59.04003525,59.89566803,55.92817688,61.02529907,81.11356354,..,..
Paraguay,PRY,Latin America & Caribbean,Upper middle income,Current health expenditure per capita (current US$),SH.XPD.CHEX.PC.CD,258.4312744,337.8131714,368.7868042,391.8008423,440.8582153,393.424408,385.5229797,406.6048889,422.131012,416.8443298,411.8176575,480.1132202,480.1939697,..,..
Peru,PER,Latin America & Caribbean,Upper middle income,Current health expenditure per capita (current US$),SH.XPD.CHEX.PC.CD,241.4328003,264.4648743,309.3143921,320.9649048,332.1884155,310.6098328,311.3351746,332.5432129,362.7599487,367.9873962,399.5962524,455.6983643,445.8575745,..,..
Philippines,PHL,East Asia & Pacific,Lower middle income,Current health expenditure per capita (current US$),SH.XPD.CHEX.PC.CD,89.35166931,95.95716095,109.2149353,118.874321,106.1629334,113.4342804,118.0598145,120.3225937,125.2771683,141.6925354,166.6121826,208.192276,182.9342957,194.0561523,..
Poland,POL,Europe & Central Asia,High income,Current health expenditure per capita (current US$),SH.XPD.CHEX.PC.CD,809.1994019,866.0946655,815.1418457,878.0883789,911.2981567,803.9596558,816.0861816,909.578186,978.7356567,1014.038208,1025.984863,1183.302368,1193.130615,1543.712402,..
Portugal,PRT,Europe & Central Asia,High income,Current health expenditure per capita (current US$),SH.XPD.CHEX.PC.CD,2259.303711,2255.969238,1980.018677,2030.630127,2059.926514,1790.534058,1875.242188,1998.064697,2216.306641,2221.731201,2346.330811,2760.165039,2580.756348,2743.577393,..
Post-demographic dividend,PST,0,0,Current health expenditure per capita (current US$),SH.XPD.CHEX.PC.CD,4728.349419,5085.692122,5103.820635,5127.899492,5279.928559,5108.035963,5270.928876,5445.856887,5714.04822,5830.569802,6348.534414,6837.68286,6984.79145,..,..
Pre-demographic dividend,PRE,0,0,Current health expenditure per capita (current US$),SH.XPD.CHEX.PC.CD,53.86659524,58.84761434,61.64114588,67.1405762,68.70223733,61.8463709,59.41096328,57.36066507,56.06766605,57.57291295,58.71042876,64.62707701,67.58079731,..,..
Puerto Rico (US),PRI,Latin America & Caribbean,High income,Current health expenditure per capita (current US$),SH.XPD.CHEX.PC.CD,..,..,..,..,..,..,..,..,..,..,..,..,..,..,..
Qatar,QAT,"Middle East, North Africa, Afghanistan & Pakistan",High income,Current health expenditure per capita (current US$),SH.XPD.CHEX.PC.CD,1309.792725,1482.283081,1712.670898,2029.865967,2252.414063,2422.644531,2072.061035,1911.953613,1966.557129,2007.515259,1967.151978,1847.002319,1781.560303,..,..
Romania,ROU,Europe & Central Asia,High income,Current health expenditure per capita (current US$),SH.XPD.CHEX.PC.CD,472.2075195,426.5997315,401.671051,495.2362366,503.3475342,442.240387,476.2450562,555.1130981,687.1541138,738.5581665,809.5888062,963.0128784,902.2677002,..,..
Russian Federation,RUS,Europe & Central Asia,High income,Current health expenditure per capita (current US$),SH.XPD.CHEX.PC.CD,564.3006592,681.0457764,755.4855347,805.5213013,736.3217773,496.9503479,463.2927551,577.0681152,606.1140137,650.4705811,814.944519,881.7572022,1078.234863,..,..
Rwanda,RWA,Sub-Saharan Africa,Low income,Current health expenditure per capita (current US$),SH.XPD.CHEX.PC.CD,47.96915817,51.64990616,57.26454163,47.7545433,50.63998795,48.81341934,50.77831268,48.27599335,51.35319138,50.75216675,58.29339218,60.46223831,76.83828735,..,..
Samoa,WSM,East Asia & Pacific,Upper middle income,Current health expenditure per capita (current US$),SH.XPD.CHEX.PC.CD,185.4385071,211.8868408,197.0156403,247.411087,248.2032318,240.2829742,238.3466187,220.8249817,200.4207306,242.9050293,256.7454529,270.4133301,236.2266083,..,..
San Marino,SMR,Europe & Central Asia,High income,Current health expenditure per capita (current US$),SH.XPD.CHEX.PC.CD,3813.883545,4550.350586,4310.100098,4113.466797,4120.026855,3530.046143,3621.232666,3672.303223,3969.364746,3801.210449,3758.609375,4033.102783,3874.985352,..,..
Sao Tome and Principe,STP,Sub-Saharan Africa,Lower middle income,Current health expenditure per capita (current US$),SH.XPD.CHEX.PC.CD,60.94829941,69.45979309,86.29039001,124.5917969,118.7098084,85.37828827,109.7314224,117.0776749,108.8762894,106.8688431,159.8439636,187.0652466,180.3336792,..,..
Saudi Arabia,SAU,"Middle East, North Africa, Afghanistan & Pakistan",High income,Current health expenditure per capita (current US$),SH.XPD.CHEX.PC.CD,765.9168091,954.3887329,1093.155884,1189.679321,1363.591553,1309.271484,1353.21814,1400.903564,1488.975342,1504.55249,1574.700684,1654.74353,1593.37146,..,..
Senegal,SEN,Sub-Saharan Africa,Lower middle income,Current health expenditure per capita (current US$),SH.XPD.CHEX.PC.CD,51.38805008,57.93114853,56.61458969,60.51578903,61.40605545,53.32304382,53.90053558,56.49185944,64.37467957,64.33670807,75.16521454,71.12162781,63.73388672,..,..
Serbia,SRB,Europe & Central Asia,Upper middle income,Current health expenditure per capita (current US$),SH.XPD.CHEX.PC.CD,545.3338013,618.8942261,559.9054565,627.5330811,608.8585815,491.25177,486.4294434,515.8458862,617.086792,641.0296631,670.194397,919.1679077,903.1182861,..,..
Seychelles,SYC,Sub-Saharan Africa,High income,Current health expenditure per capita (current US$),SH.XPD.CHEX.PC.CD,546.5679932,560.3952637,666.4990234,646.5663452,631.4267578,575.6303711,673.196228,667.0951538,708.699646,692.09198,693.1987915,629.1160278,694.7508545,..,..
Sierra Leone,SLE,Sub-Saharan Africa,Low income,Current health expenditure per capita (current US$),SH.XPD.CHEX.PC.CD,37.81203461,49.60349274,51.89955902,84.93772125,143.6060333,118.6602402,84.6361618,47.37737274,44.82733536,48.13619995,47.8861618,44.90049362,39.31665802,..,..
Singapore,SGP,East Asia & Pacific,High income,Current health expenditure per capita (current US$),SH.XPD.CHEX.PC.CD,1510.667847,1700.168579,1853.024292,2102.970215,2233.349609,2330.395996,2488.282959,2645.329346,2688.272705,2893.782227,3492.359863,4044.17334,4320.516113,..,..
Sint Maarten (Dutch part),SXM,Latin America & Caribbean,High income,Current health expenditure per capita (current US$),SH.XPD.CHEX.PC.CD,..,..,..,..,..,..,..,..,..,..,..,..,..,..,..
Slovak Republic,SVK,Europe & Central Asia,High income,Current health expenditure per capita (current US$),SH.XPD.CHEX.PC.CD,1296.542847,1352.438354,1319.438232,1370.467651,1289.348511,1108.878174,1175.627075,1189.079834,1299.911255,1342.075806,1393.62439,1684.515503,1642.39209,..,..
Slovenia,SVN,Europe & Central Asia,High income,Current health expenditure per capita (current US$),SH.XPD.CHEX.PC.CD,2017.146606,2147.805176,1974.854004,2055.381348,2062.384766,1775.860718,1838.654053,1925.034668,2169.578857,2219.0979,2417.20874,2779.565918,2737.849365,3033.321045,..
Small states,SST,0,0,Current health expenditure per capita (current US$),SH.XPD.CHEX.PC.CD,606.1418684,640.0270629,629.6682835,663.9086667,692.72652,655.9620782,683.8336565,740.6696258,797.3457445,814.8557539,846.7645455,980.5119807,976.5798046,..,..
Solomon Islands,SLB,East Asia & Pacific,Lower middle income,Current health expenditure per capita (current US$),SH.XPD.CHEX.PC.CD,74.11127472,95.43640137,100.7893219,99.02694702,105.8747253,90.99643707,94.32994843,89.29357147,88.03850555,98.67025757,100.9956055,98.7951355,96.73880768,..,..
Somalia,SOM,Sub-Saharan Africa,Low income,Current health expenditure per capita (current US$),SH.XPD.CHEX.PC.CD,..,..,..,12.85289001,13.11646461,14.08594513,11.72021103,13.46292782,12.70534706,12.87221336,12.42313194,14.63377476,15.34639168,..,..
South Africa,ZAF,Sub-Saharan Africa,Upper middle income,Current health expenditure per capita (current US$),SH.XPD.CHEX.PC.CD,621.4190674,686.8724365,646.4992065,593.8015747,539.3078003,491.9065247,456.5693665,527.5202026,558.8013916,538.8042603,503.4675903,592.5341797,569.8407593,..,..
South Asia,SAS,0,0,Current health expenditure per capita (current US$),SH.XPD.CHEX.PC.CD,42.98757893,46.37233198,46.61526346,53.36915119,54.57702723,56.74170522,58.8470715,56.50308722,57.62712001,60.80055488,63.89825242,75.07181533,79.04444967,..,..
South Asia (IDA & IBRD),TSA,0,0,Current health expenditure per capita (current US$),SH.XPD.CHEX.PC.CD,42.98757893,46.37233198,46.61526346,53.36915119,54.57702723,56.74170522,58.8470715,56.50308722,57.62712001,60.80055488,63.89825242,75.07181533,79.04444967,..,..
South Sudan,SSD,Sub-Saharan Africa,Low income,Current health expenditure per capita (current US$),SH.XPD.CHEX.PC.CD,..,..,..,..,..,..,..,28.05690956,31.05302238,35.07043839,47.23431778,34.53858948,49.41268158,..,..
Spain,ESP,Europe & Central Asia,High income,Current health expenditure per capita (current US$),SH.XPD.CHEX.PC.CD,2789.637207,2908.919678,2590.738037,2630.019043,2680.029541,2349.546631,2377.049561,2525.139648,2741.906006,2713.622559,2898.005371,3144.111816,2910.837646,..,..
Sri Lanka,LKA,South Asia,Lower middle income,Current health expenditure per capita (current US$),SH.XPD.CHEX.PC.CD,105.0737152,115.5164261,110.0360031,133.1596832,132.8219452,144.2907715,145.3249664,142.3251801,154.646225,154.8707123,152.001297,157.1332245,145.5581055,..,..
St. Kitts and Nevis,KNA,Latin America & Caribbean,High income,Current health expenditure per capita (current US$),SH.XPD.CHEX.PC.CD,866.8499756,920.4958496,880.1757813,938.3161621,961.7302856,1041.82251,1161.870972,1185.901733,1120.833008,1223.835449,1067.960205,1134.475098,1160.264282,..,..
St. Lucia,LCA,Latin America & Caribbean,Upper middle income,Current health expenditure per capita (current US$),SH.XPD.CHEX.PC.CD,438.2392883,463.7949829,455.9762268,483.6133728,464.5115051,466.4829102,472.4305115,495.1260071,486.537262,493.9570313,577.5570068,588.3696289,644.8027954,..,..
St. Martin (French part),MAF,Latin America & Caribbean,High income,Current health expenditure per capita (current US$),SH.XPD.CHEX.PC.CD,..,..,..,..,..,..,..,..,..,..,..,..,..,..,..
St. Vincent and the Grenadines,VCT,Latin America & Caribbean,Upper middle income,Current health expenditure per capita (current US$),SH.XPD.CHEX.PC.CD,281.9186707,276.1572266,298.7808228,300.0195313,299.3312988,302.5842285,313.6622925,337.8961487,358.5337219,372.0561523,406.3571167,454.8098755,434.8693848,..,..
Sub-Saharan Africa,SSF,0,0,Current health expenditure per capita (current US$),SH.XPD.CHEX.PC.CD,85.54486839,92.67525984,91.86943781,92.66808774,90.34299783,82.50077132,75.82175751,77.04631854,76.24437328,75.81748346,74.59198609,84.22225923,85.23318659,..,..
Sub-Saharan Africa (excluding high income),SSA,0,0,Current health expenditure per capita (current US$),SH.XPD.CHEX.PC.CD,93.52360802,101.6712734,100.1444544,100.9970191,98.13606155,89.21529584,81.63569233,82.95753225,82.13955342,81.39950465,79.77903933,90.76831869,91.77467292,..,..
Sub-Saharan Africa (IDA & IBRD countries),TSS,0,0,Current health expenditure per capita (current US$),SH.XPD.CHEX.PC.CD,85.54486839,92.67525984,91.86943781,92.66808774,90.34299783,82.50077132,75.82175751,77.04631854,76.24437328,75.81748346,74.59198609,84.22225923,85.23318659,..,..
Sudan,SDN,Sub-Saharan Africa,Low income,Current health expenditure per capita (current US$),SH.XPD.CHEX.PC.CD,73.60456848,80.3718338,75.40813446,97.4927597,88.78570557,93.69758606,89.39611053,67.75525665,33.73799133,33.70681,22.17246819,20.4981575,31.57727051,..,..
Suriname,SUR,Latin America & Caribbean,Upper middle income,Current health expenditure per capita (current US$),SH.XPD.CHEX.PC.CD,399.5971069,375.3495789,406.0552673,434.5033264,440.9526367,511.9124451,338.24823,322.0041504,445.907898,599.0702515,453.4461975,294.2547607,343.8530273,..,..
Sweden,SWE,Europe & Central Asia,High income,Current health expenditure per capita (current US$),SH.XPD.CHEX.PC.CD,4416.145508,6351.216797,6254.442871,6696.872559,6605.911621,5598.681641,5680.726074,5837.770996,6005.065918,5652.989746,6003.09375,6842.460449,5943.361328,6152.333008,..
Switzerland,CHE,Europe & Central Asia,High income,Current health expenditure per capita (current US$),SH.XPD.CHEX.PC.CD,7695.687988,9204.87793,8929.325195,9324.972656,9550.455078,9272.515625,9276.50293,9423.649414,9577.302734,9646.913086,10348.34668,11262.23047,10963.43066,..,..
Syrian Arab Republic,SYR,"Middle East, North Africa, Afghanistan & Pakistan",Low income,Current health expenditure per capita (current US$),SH.XPD.CHEX.PC.CD,88.11807251,74.3771286,62.70924759,44.37207794,46.44654465,36.14657974,25.93214798,33.63182449,43.59334946,50.25953293,30.63546944,25.79880524,34.36484528,..,..
Tajikistan,TJK,Europe & Central Asia,Lower middle income,Current health expenditure per capita (current US$),SH.XPD.CHEX.PC.CD,42.28567886,48.8431282,56.97117615,67.62356567,73.06859589,62.75804901,54.9213562,56.85092545,58.51539993,60.51568222,74.17329407,75.10315704,78.61326599,..,..
Tanzania,TZA,Sub-Saharan Africa,Lower middle income,Current health expenditure per capita (current US$),SH.XPD.CHEX.PC.CD,37.18493271,37.75179672,41.99654007,43.46931839,39.85456848,33.27184296,36.65267563,39.03560638,41.28152084,39.98176956,31.72098923,37.56311798,35.64775848,..,..
Thailand,THA,East Asia & Pacific,Upper middle income,Current health expenditure per capita (current US$),SH.XPD.CHEX.PC.CD,168.6189117,191.7446442,201.7069092,207.812439,213.7439575,219.1509247,229.7849884,247.0815277,274.7122192,288.3109741,304.3817749,363.7284546,369.976471,..,..
Timor-Leste,TLS,East Asia & Pacific,Lower middle income,Current health expenditure per capita (current US$),SH.XPD.CHEX.PC.CD,52.6151619,64.43626404,71.46888733,102.7984085,93.10574341,101.4779892,92.69400787,86.16269684,78.07413483,78.01346588,118.4945145,132.0787048,174.9121552,..,..
Togo,TGO,Sub-Saharan Africa,Low income,Current health expenditure per capita (current US$),SH.XPD.CHEX.PC.CD,30.54597664,34.41139603,35.40290833,39.56414795,41.96416092,46.69767761,50.64896011,51.5464592,52.43610382,48.85387421,52.75213242,52.72237015,54.01099014,..,..
Tonga,TON,East Asia & Pacific,Upper middle income,Current health expenditure per capita (current US$),SH.XPD.CHEX.PC.CD,166.5813904,193.4371643,316.6811829,168.8293762,207.0526276,177.377594,202.9631195,240.523407,272.0875855,260.7398682,256.3073731,341.5039063,378.3054199,..,..
Trinidad and Tobago,TTO,Latin America & Caribbean,High income,Current health expenditure per capita (current US$),SH.XPD.CHEX.PC.CD,825.1608887,872.9639893,895.0802612,970.9022217,1010.827698,1061.58667,1064.417725,1083.376099,1080.453979,1097.205566,1051.836426,1173.393066,1292.018066,..,..
Tunisia,TUN,"Middle East, North Africa, Afghanistan & Pakistan",Lower middle income,Current health expenditure per capita (current US$),SH.XPD.CHEX.PC.CD,240.7544708,270.6750794,270.2905579,284.6453857,287.6095581,249.4641876,240.4025879,223.8590393,215.418396,212.6003113,250.4620361,270.3402405,265.8546448,..,..
Turkiye,TUR,Europe & Central Asia,Upper middle income,Current health expenditure per capita (current US$),SH.XPD.CHEX.PC.CD,531.8286133,525.8910523,520.442749,547.9546509,520.4075317,444.7080383,456.3659668,432.1375427,380.2783508,388.6748657,386.2593689,431.3397827,385.8799744,..,..
Turkmenistan,TKM,Europe & Central Asia,Upper middle income,Current health expenditure per capita (current US$),SH.XPD.CHEX.PC.CD,202.7792511,251.8577728,289.1301575,339.9234924,393.8684387,362.7294922,376.6556702,410.8108215,411.3256226,432.781189,420.0083313,471.8632507,579.154541,..,..
Turks and Caicos Islands,TCA,Latin America & Caribbean,High income,Current health expenditure per capita (current US$),SH.XPD.CHEX.PC.CD,..,..,..,..,..,..,..,..,..,..,..,..,..,..,..
Tuvalu,TUV,East Asia & Pacific,Upper middle income,Current health expenditure per capita (current US$),SH.XPD.CHEX.PC.CD,465.0112915,501.53479,473.346344,503.4775391,527.1203613,449.5677185,697.9013672,1001.761292,816.8225708,1128.935547,923.0654297,1152.322754,1084.669556,..,..
Uganda,UGA,Sub-Saharan Africa,Low income,Current health expenditure per capita (current US$),SH.XPD.CHEX.PC.CD,51.88574982,55.2076683,55.03918457,52.906353,50.957798,40.09843445,39.08125305,31.43818092,32.9515686,33.36559677,44.73381805,51.03484726,44.14502716,..,..
Ukraine,UKR,Europe & Central Asia,Upper middle income,Current health expenditure per capita (current US$),SH.XPD.CHEX.PC.CD,199.4955902,240.177475,270.7620544,275.9414368,208.9440002,154.7545471,154.5546875,183.6950684,217.7376099,242.8138886,265.0784607,369.9048767,..,..,..
United Arab Emirates,ARE,"Middle East, North Africa, Afghanistan & Pakistan",High income,Current health expenditure per capita (current US$),SH.XPD.CHEX.PC.CD,1619.988647,1787.599976,1711.385254,1789.685791,1776.731079,1479.497437,1592.919067,1695.203125,1872.584229,1962.467285,2154.411133,2249.963135,2314.745117,..,..
United Kingdom,GBR,Europe & Central Asia,High income,Current health expenditure per capita (current US$),SH.XPD.CHEX.PC.CD,3892.380127,4140.362305,4217.247559,4348.286621,4716.302246,4440.738281,4016.63916,3907.822266,4219.486328,4258.634766,4816.152832,5612.049316,5035.617188,5366.776855,..
United States,USA,North America,High income,Current health expenditure per capita (current US$),SH.XPD.CHEX.PC.CD,7836.088379,8015.780762,8262.291016,8411.428711,8796.182617,9200.858398,9536.206055,9822.378906,10182.25586,10546.01367,11672.77051,11999.09082,12434.43359,..,..
Upper middle income,UMC,0,0,Current health expenditure per capita (current US$),SH.XPD.CHEX.PC.CD,298.9117289,352.3336749,377.234557,403.9632661,419.0332101,409.2088599,407.5067095,449.4855516,470.418508,484.6318374,490.9156315,561.5061151,572.9572372,..,..
Uruguay,URY,Latin America & Caribbean,High income,Current health expenditure per capita (current US$),SH.XPD.CHEX.PC.CD,1043.26001,1244.938843,1347.028687,1516.806641,1495.597778,1424.893921,1469.389648,1672.331421,1713.266113,1692.501953,1432.004639,1594.980591,1850.807373,..,..
Uzbekistan,UZB,Europe & Central Asia,Lower middle income,Current health expenditure per capita (current US$),SH.XPD.CHEX.PC.CD,92.87456512,109.8615646,127.9421005,140.7101135,118.4430771,132.6056519,129.8217773,93.4151535,82.53038788,98.6240387,120.2901917,156.4478912,169.4321289,..,..
Vanuatu,VUT,East Asia & Pacific,Lower middle income,Current health expenditure per capita (current US$),SH.XPD.CHEX.PC.CD,99.27953339,113.8178024,118.2568817,130.8829346,108.2232208,118.6989899,88.35998535,91.04128265,110.3249207,112.1374664,125.4101105,141.2856751,135.4297943,..,..
"Venezuela, RB",VEN,Latin America & Caribbean,0,Current health expenditure per capita (current US$),SH.XPD.CHEX.PC.CD,..,..,..,..,..,..,..,..,164.6815491,112.7611084,153.242691,162.5011749,208.5696869,..,..
Viet Nam,VNM,East Asia & Pacific,Lower middle income,Current health expenditure per capita (current US$),SH.XPD.CHEX.PC.CD,85.36088562,97.05238342,109.294838,104.109726,119.4454956,121.4398117,133.1960144,147.5142517,161.978714,171.1529694,153.1016083,168.0803375,188.8974915,..,..
Virgin Islands (U.S.),VIR,Latin America & Caribbean,High income,Current health expenditure per capita (current US$),SH.XPD.CHEX.PC.CD,..,..,..,..,..,..,..,..,..,..,..,..,..,..,..
West Bank and Gaza,PSE,"Middle East, North Africa, Afghanistan & Pakistan",Lower middle income,Current health expenditure per capita (current US$),SH.XPD.CHEX.PC.CD,219.446991,308.3645325,298.3408203,327.2571716,314.2747498,286.9139404,299.4125061,310.2114563,324.0216675,317.4500732,314.8225403,364.4173584,350.6381226,..,..
"Yemen, Rep.",YEM,"Middle East, North Africa, Afghanistan & Pakistan",Low income,Current health expenditure per capita (current US$),SH.XPD.CHEX.PC.CD,59.60072327,56.58930588,64.67756653,68.39746857,69.24575806,57.9312973,47.25681305,51.94430542,83.34048462,43.06481552,32.30203629,32.01807785,38.11569214,..,..
Zambia,ZMB,Sub-Saharan Africa,Lower middle income,Current health expenditure per capita (current US$),SH.XPD.CHEX.PC.CD,57.67263412,64.3181076,69.17604828,83.29361725,65.39261627,57.38765335,55.39532089,70.93283844,69.82767487,85.02349854,60.01779938,74.83802795,76.05962372,..,..
Zimbabwe,ZWE,Sub-Saharan Africa,Lower middle income,Current health expenditure per capita (current US$),SH.XPD.CHEX.PC.CD,94.44809723,83.82868195,85.69155121,96.86148834,111.6120148,103.3165283,105.1162567,91.87199402,114.7681503,55.10725403,51.14250565,63.51144791,70.66313934,..,..
